Date,GDP Percent,AEI Index,House Equity Withdrawal Changes,Durable Goods Total,Household Savings Ratio Percent,Bank Rate Value,Claimant Count Rate,RPI Percent,House Price Index
1990-01,0.6,62.0,1848.0,11792.0,10.8,13.88,5.6,7.7,30.55
1990-02,0.5666666666666667,62.56666666666667,1848.0,11672.333333333334,10.200000000000001,13.88,5.6,7.5,30.55
1990-03,0.5333333333333333,63.13333333333333,1848.0,11552.666666666666,9.6,13.88,5.5,8.1,30.55
1990-04,0.5,63.7,2122.3333333333335,11433.0,9.0,13.88,5.4,9.4,30.28
1990-05,-0.033333333333333326,64.0,2396.6666666666665,11298.0,9.4,13.88,5.2,9.7,30.28
1990-06,-0.5666666666666667,64.3,2671.0,11163.0,9.799999999999999,13.88,5.2,9.8,30.28
1990-07,-1.1,64.6,2658.3333333333335,11028.0,10.2,13.88,5.4,9.8,30.83
1990-08,-0.8666666666666667,65.44999999999999,2645.6666666666665,11068.333333333334,10.633333333333333,13.88,5.5,10.6,30.83
1990-09,-0.6333333333333333,66.3,2633.0,11108.666666666666,11.066666666666666,13.88,5.6,10.9,30.83
1990-10,-0.4,66.55,2664.6666666666665,11149.0,11.5,13.88,5.5,10.9,30.37
1990-11,-0.3666666666666667,66.8,2696.3333333333335,11124.0,11.7,13.755,5.7,9.7,30.37
1990-12,-0.3333333333333333,67.05,2728.0,11099.0,11.9,13.63,6.1,9.3,30.37
1991-01,-0.3,67.3,2409.3333333333335,11074.0,12.1,13.505,6.6,9.0,29.94
1991-02,-0.23333333333333334,67.56666666666666,2090.6666666666665,11032.333333333334,11.799999999999999,13.38,6.8,8.9,29.94
1991-03,-0.16666666666666666,67.83333333333333,1772.0,10990.666666666666,11.5,12.38,7.2,8.2,29.94
1991-04,-0.1,68.1,2153.0,10949.0,11.2,11.88,7.4,6.4,29.82
1991-05,-0.13333333333333333,68.3,2534.0,11070.666666666666,11.966666666666667,11.38,7.4,5.8,29.82
1991-06,-0.16666666666666669,68.5,2915.0,11192.333333333334,12.733333333333333,11.13,7.5,5.8,29.82
1991-07,-0.2,68.7,2790.3333333333335,11314.0,13.5,10.88,7.9,5.5,30.4
1991-08,-0.06666666666666668,69.45,2665.6666666666665,11261.333333333334,13.4,10.63,8.2,4.7,30.4
1991-09,0.06666666666666665,70.2,2541.0,11208.666666666666,13.299999999999999,10.38,8.2,4.1,30.4
1991-10,0.2,70.65,2099.0,11156.0,13.2,10.3175,8.1,3.7,30.12
1991-11,0.13333333333333336,71.1,1657.0,11182.0,13.466666666666667,10.255,8.3,4.3,30.12
1991-12,0.06666666666666668,71.55,1215.0,11208.0,13.733333333333333,10.1925,8.5,4.5,30.12
1992-01,0.0,72.0,1159.3333333333333,11234.0,14.0,10.13,9.0,4.1,29.64
1992-02,-0.03333333333333333,71.76666666666667,1103.6666666666667,11337.333333333334,13.966666666666667,10.0675,9.1,4.1,29.64
1992-03,-0.06666666666666667,71.53333333333333,1048.0,11440.666666666666,13.933333333333334,10.005,9.1,4.0,29.64
1992-04,-0.1,71.3,1166.3333333333333,11544.0,13.9,9.9425,9.2,4.3,28.93
1992-05,0.1333333333333333,71.39999999999999,1284.6666666666667,11654.666666666666,13.933333333333334,9.88,9.1,4.3,28.93
1992-06,0.3666666666666666,71.5,1403.0,11765.333333333334,13.966666666666667,9.63,9.0,3.9,28.93
1992-07,0.6,71.6,1259.3333333333333,11876.0,14.0,9.38,9.3,3.7,29.02
1992-08,0.6333333333333333,72.25,1115.6666666666667,11807.333333333334,14.0,9.13,9.6,3.6,29.02
1992-09,0.6666666666666666,72.9,972.0,11738.666666666666,14.0,8.88,9.6,3.6,29.02
1992-10,0.7,73.025,55.0,11670.0,14.0,7.88,9.5,3.6,27.91
1992-11,0.7,73.15,-862.0,11812.0,13.7,6.88,9.6,3.0,27.91
1992-12,0.7,73.275,-1779.0,11954.0,13.4,6.38,10.0,2.6,27.91
1993-01,0.7,73.4,-1676.6666666666667,12096.0,13.1,5.88,10.4,1.7,28.05
1993-02,0.6333333333333333,73.4,-1574.3333333333333,12010.666666666666,13.533333333333333,5.83,10.3,1.8,28.05
1993-03,0.5666666666666667,73.4,-1472.0,11925.333333333334,13.966666666666667,5.78,10.1,1.9,28.05
1993-04,0.5,73.4,-1292.3333333333333,11840.0,14.4,5.7299999999999995,10.2,1.3,28.28
1993-05,0.6,73.46666666666667,-1112.6666666666667,12069.0,14.066666666666666,5.68,9.9,1.3,28.28
1993-06,0.7000000000000001,73.53333333333333,-933.0,12298.0,13.733333333333334,5.63,9.7,1.2,28.28
1993-07,0.8,73.6,-785.6666666666666,12527.0,13.4,5.58,9.9,1.4,28.88
1993-08,0.7666666666666667,74.15,-638.3333333333333,12437.333333333334,13.3,5.53,10.0,1.7,28.88
1993-09,0.7333333333333333,74.7,-491.0,12347.666666666666,13.2,5.4799999999999995,9.9,1.8,28.88
1993-10,0.7,75.175,-403.3333333333333,12258.0,13.1,5.43,9.5,1.4,28.34
1993-11,0.8666666666666666,75.65,-315.66666666666663,12434.0,12.633333333333333,5.38,9.4,1.4,28.34
1993-12,1.0333333333333332,76.125,-228.0,12610.0,12.166666666666666,5.296666666666667,9.4,1.9,28.34
1994-01,1.2,76.6,-446.0,12786.0,11.7,5.213333333333333,9.8,2.5,28.65
1994-02,1.1666666666666667,76.39999999999999,-664.0,12913.0,11.566666666666666,5.13,9.7,2.4,28.65
1994-03,1.1333333333333333,76.2,-882.0,13040.0,11.433333333333334,5.201428571428571,9.5,2.3,28.65
1994-04,1.1,76.0,-427.6666666666667,13167.0,11.3,5.272857142857143,9.3,2.6,29.05
1994-05,1.1,76.03333333333333,26.66666666666663,13082.333333333334,11.566666666666666,5.344285714285714,9.0,2.6,29.05
1994-06,1.1,76.06666666666666,481.0,12997.666666666666,11.833333333333334,5.4157142857142855,8.8,2.6,29.05
1994-07,1.1,76.1,323.66666666666663,12913.0,12.1,5.487142857142857,9.0,2.3,29.53
1994-08,0.9,76.55,166.33333333333331,12965.666666666666,11.766666666666666,5.558571428571429,9.0,2.4,29.53
1994-09,0.7,77.0,9.0,13018.333333333334,11.433333333333334,5.63,8.8,2.2,29.53
1994-10,0.5,77.6,-565.3333333333334,13071.0,11.1,5.796666666666667,8.4,2.4,29.33
1994-11,0.4666666666666667,78.2,-1139.6666666666667,13199.0,11.866666666666667,5.963333333333333,8.3,2.6,29.33
1994-12,0.43333333333333335,78.80000000000001,-1714.0,13327.0,12.633333333333333,6.13,8.2,2.9,29.33
1995-01,0.4,79.4,-1648.3333333333333,13455.0,13.4,6.38,8.3,3.3,29.08
1995-02,0.4,79.0,-1582.6666666666667,13507.666666666666,13.233333333333334,6.63,8.2,3.4,29.08
1995-03,0.4,78.60000000000001,-1517.0,13560.333333333334,13.066666666666666,6.6049999999999995,8.0,3.5,29.08
1995-04,0.4,78.2,-1606.0,13613.0,12.9,6.58,7.9,3.3,29.39
1995-05,0.6,78.03333333333333,-1695.0,13724.0,12.8,6.555,7.7,3.4,29.39
1995-06,0.8,77.86666666666667,-1784.0,13835.0,12.7,6.53,7.5,3.5,29.39
1995-07,1.0,77.7,-1777.6666666666667,13946.0,12.6,6.505,7.8,3.5,29.64
1995-08,0.7333333333333334,78.4,-1771.3333333333333,13789.333333333334,12.466666666666667,6.4799999999999995,7.8,3.6,29.64
1995-09,0.4666666666666667,79.1,-1765.0,13632.666666666666,12.333333333333332,6.455,7.6,3.9,29.64
1995-10,0.2,79.77499999999999,-2146.0,13476.0,12.2,6.43,7.4,3.2,29.25
1995-11,0.33333333333333337,80.44999999999999,-2527.0,13576.0,12.6,6.405,7.3,3.1,29.25
1995-12,0.4666666666666667,81.125,-2908.0,13676.0,13.0,6.38,7.4,3.2,29.25
1996-01,0.6,81.8,-2448.0,13776.0,13.4,6.13,7.9,2.9,29.67
1996-02,0.4666666666666667,81.46666666666667,-1988.0,14215.666666666666,12.966666666666667,6.035,7.8,2.7,29.67
1996-03,0.3333333333333333,81.13333333333333,-1528.0,14655.333333333334,12.533333333333333,5.94,7.6,2.7,29.67
1996-04,0.2,80.8,-1368.6666666666667,15095.0,12.1,5.856666666666667,7.6,2.4,29.7
1996-05,0.5,80.76666666666667,-1209.3333333333333,15244.666666666666,12.133333333333333,5.773333333333333,7.3,2.2,29.7
1996-06,0.8,80.73333333333333,-1050.0,15394.333333333334,12.166666666666666,5.69,7.1,2.1,29.7
1996-07,1.1,80.7,-1114.6666666666667,15544.0,12.2,5.7525,7.3,2.2,30.87
1996-08,1.2333333333333334,81.4,-1179.3333333333333,15475.333333333334,11.333333333333332,5.815,7.4,2.1,30.87
1996-09,1.3666666666666667,82.1,-1244.0,15406.666666666666,10.466666666666667,5.8775,7.2,2.1,30.87
1996-10,1.5,83.125,-1439.3333333333333,15338.0,9.6,5.94,6.7,2.7,31.41
1996-11,1.6,84.15,-1634.6666666666667,15419.666666666666,9.799999999999999,5.984285714285715,6.4,2.7,31.41
1996-12,1.7,85.175,-1830.0,15501.333333333334,10.0,6.0285714285714285,6.4,2.5,31.41
1997-01,1.8,86.2,-1350.0,15583.0,10.2,6.072857142857143,6.3,2.8,31.84
1997-02,1.4666666666666668,85.60000000000001,-870.0,15679.0,10.6,6.117142857142857,6.0,2.7,31.84
1997-03,1.1333333333333333,85.0,-390.0,15775.0,11.0,6.161428571428572,5.8,2.6,31.84
1997-04,0.8,84.4,-193.33333333333334,15871.0,11.4,6.2057142857142855,5.6,2.4,32.49
1997-05,0.7666666666666667,84.53333333333333,3.3333333333333144,16452.666666666668,11.066666666666666,6.25,5.3,2.6,32.49
1997-06,0.7333333333333333,84.66666666666667,200.0,17034.333333333332,10.733333333333334,6.5,5.1,2.9,32.49
1997-07,0.7,84.8,293.6666666666667,17616.0,10.4,6.75,5.2,3.3,34.14
1997-08,0.8666666666666666,85.69999999999999,387.33333333333337,17402.333333333332,9.8,7.0,5.2,3.5,34.14
1997-09,1.0333333333333332,86.6,481.0,17188.666666666668,9.2,7.083333333333333,5.0,3.6,34.14
1997-10,1.2,87.82499999999999,-43.33333333333337,16975.0,8.6,7.166666666666667,4.7,3.7,33.88
1997-11,1.0333333333333332,89.05,-567.6666666666667,16941.333333333332,8.5,7.25,4.6,3.7,33.88
1997-12,0.8666666666666667,90.275,-1092.0,16907.666666666668,8.4,7.285714285714286,4.6,3.6,33.88
1998-01,0.7,91.5,-982.6666666666666,16874.0,8.3,7.321428571428571,4.9,3.3,34.74
1998-02,0.7,91.13333333333334,-873.3333333333334,16792.333333333332,8.133333333333333,7.357142857142857,4.8,3.4,34.74
1998-03,0.7,90.76666666666667,-764.0,16710.666666666668,7.966666666666667,7.392857142857143,4.6,3.5,34.74
1998-04,0.7,90.4,-340.3333333333333,16629.0,7.8,7.428571428571429,4.6,4.0,36.59
1998-05,0.6333333333333333,90.10000000000001,83.33333333333337,17276.0,7.166666666666667,7.464285714285714,4.5,4.2,36.59
1998-06,0.5666666666666667,89.8,507.0,17923.0,6.533333333333333,7.5,4.4,3.7,36.59
1998-07,0.5,89.5,860.0,18570.0,5.9,7.4375,4.5,3.5,38.18
1998-08,0.5666666666666667,90.2,1213.0,18412.0,6.166666666666667,7.375,4.6,3.3,38.18
1998-09,0.6333333333333333,90.9,1566.0,18254.0,6.433333333333334,7.3125,4.4,3.2,38.18
1998-10,0.7,92.325,987.0,18096.0,6.7,7.25,4.3,3.1,38.01
1998-11,0.6666666666666666,93.75,408.0,18206.333333333332,5.666666666666667,6.75,4.2,3.0,38.01
1998-12,0.6333333333333333,95.175,-171.0,18316.666666666668,4.633333333333333,6.25,4.3,2.8,38.01
1999-01,0.6,96.6,-27.333333333333343,18427.0,3.6,6.0,4.5,2.4,38.24
1999-02,0.5,95.93333333333332,116.33333333333331,18562.333333333332,4.566666666666666,5.5,4.5,2.1,38.24
1999-03,0.4,95.26666666666667,260.0,18697.666666666668,5.533333333333333,5.375,4.4,2.1,38.24
1999-04,0.3,94.6,1178.3333333333335,18833.0,6.5,5.25,4.3,1.6,39.86
1999-05,0.7333333333333334,94.46666666666667,2096.666666666667,18784.666666666668,6.333333333333333,5.125,4.2,1.3,39.86
1999-06,1.1666666666666667,94.33333333333333,3015.0,18736.333333333332,6.166666666666667,5.0,4.1,1.3,39.86
1999-07,1.6,94.2,3500.6666666666665,18688.0,6.0,5.083333333333333,4.1,1.3,42.19
1999-08,1.5333333333333334,95.35,3986.3333333333335,18783.333333333332,6.5,5.166666666666667,4.1,1.1,42.19
1999-09,1.4666666666666666,96.5,4472.0,18878.666666666668,7.0,5.25,4.0,1.1,42.19
1999-10,1.4,98.8,3793.0,18974.0,7.5,5.375,3.8,1.2,43.27
1999-11,1.2666666666666666,98.8,3114.0,19034.0,7.133333333333334,5.5,3.8,1.4,43.27
1999-12,1.1333333333333333,98.8,2435.0,19094.0,6.766666666666667,5.625,3.7,1.8,43.27
2000-01,1.0,98.8,1896.6666666666665,19154.0,6.4,5.75,4.0,2.0,44.38
2000-02,0.8666666666666667,101.1,1358.3333333333333,19233.666666666668,6.533333333333333,6.0,4.0,2.3,44.38
2000-03,0.7333333333333334,104.9,820.0,19313.333333333332,6.666666666666667,5.979166666666667,3.9,2.6,44.38
2000-04,0.6,98.5,1658.6666666666665,19393.0,6.8,5.958333333333333,3.7,3.0,46.8
2000-05,0.5333333333333333,98.4,2497.333333333333,19375.333333333332,7.033333333333333,5.9375,3.6,3.1,46.8
2000-06,0.4666666666666667,98.8,3336.0,19357.666666666668,7.266666666666667,5.916666666666667,3.5,3.3,46.8
2000-07,0.4,99.2,3304.0,19340.0,7.5,5.895833333333333,3.5,3.3,47.68
2000-08,0.3666666666666667,98.7,3272.0,19576.0,8.033333333333333,5.875,3.5,3.0,47.68
2000-09,0.3333333333333333,98.8,3240.0,19812.0,8.566666666666666,5.854166666666667,3.4,3.3,47.68
2000-10,0.3,98.7,2835.6666666666665,20048.0,9.1,5.833333333333333,3.3,3.1,49.1
2000-11,0.5,99.6,2431.3333333333335,20374.0,9.0,5.8125,3.2,3.2,49.1
2000-12,0.7000000000000001,104.6,2027.0,20700.0,8.9,5.791666666666667,3.3,2.9,49.1
2001-01,0.9,104.2,2049.3333333333335,21026.0,8.8,5.770833333333333,3.5,2.7,48.85
2001-02,0.7666666666666667,109.6,2071.6666666666665,21006.0,8.333333333333334,5.75,3.5,2.7,48.85
2001-03,0.6333333333333333,109.9,2094.0,20986.0,7.866666666666667,5.625,3.4,2.3,48.85
2001-04,0.5,104.2,3290.0,20966.0,7.4,5.5,3.2,1.8,50.61
2001-05,0.5,103.1,4486.0,21172.333333333332,7.233333333333333,5.25,3.2,2.1,50.61
2001-06,0.5,104.5,5682.0,21378.666666666668,7.066666666666667,5.166666666666667,3.1,1.9,50.61
2001-07,0.5,104.2,6221.0,21585.0,6.9,5.083333333333333,3.1,1.6,52.43
2001-08,0.4,103.7,6760.0,21738.666666666668,6.933333333333334,5.0,3.1,2.1,52.43
2001-09,0.30000000000000004,103.3,7299.0,21892.333333333332,6.966666666666667,4.75,3.0,1.7,52.43
2001-10,0.2,103.4,6683.0,22046.0,7.0,4.5,3.0,1.6,51.38
2001-11,0.3,104.0,6067.0,22033.0,7.033333333333333,4.0,3.0,0.9,51.38
2001-12,0.4,107.8,5451.0,22020.0,7.066666666666666,3.9833333333333334,3.1,0.7,51.38
2002-01,0.5,108.0,5529.333333333333,22007.0,7.1,3.966666666666667,3.3,1.3,51.2
2002-02,0.5333333333333333,112.6,5607.666666666667,21905.666666666668,7.5,3.95,3.3,1.0,53.06
2002-03,0.5666666666666667,112.7,5686.0,21804.333333333332,7.9,3.933333333333333,3.2,1.3,54.92
2002-04,0.6,107.8,7152.0,21703.0,8.3,3.9166666666666665,3.1,1.5,55.66
2002-05,0.6333333333333333,106.8,8618.0,21646.666666666668,8.133333333333333,3.9,3.0,1.1,57.09
2002-06,0.6666666666666666,108.4,10084.0,21590.333333333332,7.966666666666667,3.8833333333333333,3.0,1.0,59.43
2002-07,0.7,108.2,10799.0,21534.0,7.8,3.8666666666666667,3.1,1.5,59.9
2002-08,0.6833333333333333,106.6,11514.0,21615.333333333332,7.566666666666666,3.85,3.1,1.4,61.23
2002-09,0.6666666666666666,106.6,12229.0,21696.666666666668,7.333333333333333,3.8333333333333335,3.0,1.7,62.72
2002-10,0.6499999999999999,106.9,11977.666666666666,21778.0,7.1,3.816666666666667,2.9,2.1,63.19
2002-11,0.6333333333333333,107.4,11726.333333333334,21880.666666666668,7.1,3.8,2.9,2.6,63.83
2002-12,0.6166666666666667,110.3,11475.0,21983.333333333332,7.1,3.783333333333333,2.9,2.9,65.95
2003-01,0.6,110.5,11176.0,22086.0,7.1,3.7666666666666666,3.2,2.9,65.47
2003-02,0.6666666666666666,115.1,10877.0,22292.666666666668,6.733333333333333,3.75,3.2,3.2,64.78
2003-03,0.7333333333333334,117.9,10578.0,22499.333333333332,6.366666666666666,3.7,3.1,3.1,66.16
2003-04,0.8,110.5,11499.333333333334,22706.0,6.0,3.65,3.1,3.1,67.76
2003-05,0.8666666666666667,109.9,12420.666666666666,22801.333333333332,6.1,3.6,3.0,3.0,67.28
2003-06,0.9333333333333333,111.1,13342.0,22896.666666666668,6.2,3.55,3.0,2.9,67.44
2003-07,1.0,111.3,14677.0,22992.0,6.3,3.5,3.0,3.1,68.6
2003-08,0.9333333333333333,110.3,16012.0,22929.0,6.433333333333334,3.5625,3.0,2.9,69.83
2003-09,0.8666666666666667,110.5,17347.0,22866.0,6.566666666666666,3.625,2.9,2.8,69.61
2003-10,0.8,110.9,17061.333333333332,22803.0,6.7,3.6875,2.8,2.6,70.83
2003-11,0.6666666666666667,111.0,16775.666666666668,23038.333333333332,6.766666666666667,3.75,2.8,2.5,70.04
2003-12,0.5333333333333334,114.5,16490.0,23273.666666666668,6.833333333333334,3.8333333333333335,2.8,2.8,71.42
2004-01,0.4,119.2,15112.666666666666,23509.0,6.9,3.9166666666666665,3.0,2.6,71.84
2004-02,0.43333333333333335,119.4,13735.333333333334,23342.333333333332,6.733333333333333,4.0,3.0,2.5,71.15
2004-03,0.4666666666666667,122.4,12358.0,23175.666666666668,6.566666666666667,4.083333333333333,2.9,2.6,71.31
2004-04,0.5,114.9,13378.333333333334,23009.0,6.4,4.166666666666667,2.8,2.5,74.55
2004-05,0.4,114.8,14398.666666666666,23173.666666666668,6.566666666666667,4.25,2.7,2.8,75.45
2004-06,0.30000000000000004,116.0,15419.0,23338.333333333332,6.733333333333333,4.5,2.6,3.0,76.78
2004-07,0.2,115.4,15031.666666666666,23503.0,6.9,4.625,2.6,3.0,78.42
2004-08,0.23333333333333334,115.0,14644.333333333334,23556.666666666668,6.766666666666667,4.75,2.7,3.2,79.32
2004-09,0.26666666666666666,114.9,14257.0,23610.333333333332,6.633333333333334,4.729166666666667,2.6,3.1,79.16
2004-10,0.3,115.5,12379.0,23664.0,6.5,4.708333333333333,2.5,3.3,79.75
2004-11,0.39999999999999997,115.5,10501.0,23677.0,6.366666666666666,4.6875,2.5,3.4,79.64
2004-12,0.5,119.4,8623.0,23690.0,6.233333333333333,4.666666666666667,2.5,3.5,79.06
2005-01,0.6,124.6,7294.0,23703.0,6.1,4.645833333333333,2.7,3.2,79.0
2005-02,0.7333333333333333,126.8,5965.0,23608.333333333332,6.433333333333333,4.625,2.7,3.2,78.93
2005-03,0.8666666666666667,127.6,4636.0,23513.666666666668,6.766666666666667,4.604166666666667,2.7,3.2,79.58
2005-04,1.0,119.8,6594.0,23419.0,7.1,4.583333333333333,2.7,3.2,80.71
2005-05,0.9666666666666667,119.7,8552.0,23651.333333333332,7.0,4.5625,2.7,2.9,81.57
2005-06,0.9333333333333333,120.9,10510.0,23883.666666666668,6.8999999999999995,4.541666666666667,2.7,2.9,82.22
2005-07,0.9,120.8,10558.0,24116.0,6.8,4.520833333333333,2.7,2.9,83.28
2005-08,0.9666666666666667,120.4,10606.0,24102.0,6.833333333333333,4.5,2.7,2.8,83.62
2005-09,1.0333333333333334,120.1,10654.0,24088.0,6.866666666666667,4.520833333333333,2.7,2.7,83.49
2005-10,1.1,120.0,10134.666666666666,24074.0,6.9,4.541666666666667,2.7,2.5,83.32
2005-11,0.9,120.6,9615.333333333334,24135.0,6.866666666666667,4.5625,2.7,2.4,83.57
2005-12,0.7,124.6,9096.0,24196.0,6.833333333333333,4.583333333333333,2.8,2.2,84.03
2006-01,0.5,129.0,8578.0,24257.0,6.8,4.604166666666667,2.9,2.4,83.9
2006-02,0.43333333333333335,135.3,8060.0,24412.666666666668,6.466666666666667,4.625,3.0,2.4,84.04
2006-03,0.3666666666666667,135.5,7542.0,24568.333333333332,6.133333333333333,4.645833333333333,3.0,2.4,84.72
2006-04,0.3,124.7,9426.0,24724.0,5.8,4.666666666666667,3.0,2.6,86.56
2006-05,0.26666666666666666,125.1,11310.0,24543.0,5.933333333333334,4.6875,3.0,3.0,87.38
2006-06,0.23333333333333334,127.5,13194.0,24362.0,6.066666666666666,4.708333333333333,2.9,3.3,88.21
2006-07,0.2,126.4,13951.0,24181.0,6.2,4.729166666666667,2.9,3.3,89.48
2006-08,0.33333333333333337,124.8,14708.0,24210.666666666668,6.7,4.75,2.9,3.4,90.23
2006-09,0.4666666666666667,124.6,15465.0,24240.333333333332,7.2,4.833333333333333,2.9,3.6,90.6
2006-10,0.6,125.1,15387.666666666666,24270.0,7.7,4.916666666666667,2.9,3.7,91.13
2006-11,0.6666666666666666,125.6,15310.333333333334,24327.333333333332,7.7,5.0,2.8,3.9,91.6
2006-12,0.7333333333333334,131.8,15233.0,24384.666666666668,7.7,5.125,2.8,4.4,92.74
2007-01,0.8,137.1,13863.333333333334,24442.0,7.7,5.25,2.9,4.2,92.71
2007-02,0.7000000000000001,145.6,12493.666666666666,24546.666666666668,7.933333333333334,5.3125,3.0,4.6,92.97
2007-03,0.6,141.8,11124.0,24651.333333333332,8.166666666666668,5.375,2.9,4.8,93.69
2007-04,0.5,129.9,11887.0,24756.0,8.4,5.4375,2.8,4.5,95.58
2007-05,0.5666666666666667,130.9,12650.0,24804.666666666668,8.533333333333333,5.5,2.7,4.3,96.68
2007-06,0.6333333333333333,132.9,13413.0,24853.333333333332,8.666666666666668,5.625,2.6,4.4,97.74
2007-07,0.7,132.1,14144.0,24902.0,8.8,5.75,2.6,3.8,98.96
2007-08,0.6,131.1,14875.0,25141.333333333332,8.333333333333334,5.7,2.6,4.1,99.54
2007-09,0.5,131.4,15606.0,25380.666666666668,7.866666666666667,5.65,2.5,3.9,99.67
2007-10,0.4,130.4,12692.666666666666,25620.0,7.4,5.6,2.4,4.2,99.44
2007-11,0.4666666666666667,132.1,9779.333333333332,25666.0,7.166666666666667,5.55,2.4,4.3,99.38
2007-12,0.5333333333333333,136.3,6866.0,25712.0,6.933333333333334,5.5,2.4,4.0,99.23
2008-01,0.6,142.1,5325.666666666667,25758.0,6.7,5.375,2.5,4.1,97.44
2008-02,0.23333333333333328,152.3,3785.3333333333335,25401.666666666668,7.0,5.25,2.6,4.1,96.6
2008-03,-0.13333333333333341,148.6,2245.0,25045.333333333332,7.3,5.125,2.5,3.8,95.9
2008-04,-0.5,136.1,637.0,24689.0,7.6,5.0,2.5,4.2,96.06
2008-05,-0.8333333333333333,136.4,-971.0,24424.666666666668,7.233333333333333,4.916666666666667,2.5,4.3,96.64
2008-06,-1.1666666666666665,137.4,-2579.0,24160.333333333332,6.866666666666666,4.833333333333333,2.5,4.6,95.37
2008-07,-1.5,136.3,-4144.0,23896.0,6.5,4.75,2.6,5.0,94.33
2008-08,-1.6666666666666667,135.2,-5709.0,23344.333333333332,7.266666666666667,4.666666666666667,2.8,4.8,92.36
2008-09,-1.8333333333333333,135.1,-7274.0,22792.666666666668,8.033333333333333,4.583333333333333,2.8,5.0,90.03
2008-10,-2.0,135.1,-8476.0,22241.0,8.8,4.5,2.9,4.2,88.21
2008-11,-1.9333333333333333,135.2,-9678.0,22111.0,8.933333333333334,3.0,3.2,3.0,85.72
2008-12,-1.8666666666666667,139.7,-10880.0,21981.0,9.066666666666666,2.0,3.5,0.9,84.42
2009-01,-1.8,139.6,-10797.333333333334,21851.0,9.2,1.5,3.9,0.1,82.47
2009-02,-1.3,143.6,-10714.666666666666,22182.666666666668,9.9,1.0,4.4,0.0,81.51
2009-03,-0.8,146.9,-10632.0,22514.333333333332,10.6,0.5,4.6,-0.4,81.01
2009-04,-0.3,138.4,-10306.0,22846.0,11.3,0.49719101123595505,4.7,-1.2,81.74
2009-05,-0.16666666666666666,137.6,-9980.0,23202.333333333332,11.3,0.4943820224719101,4.7,-1.1,82.87
2009-06,-0.033333333333333326,138.9,-9654.0,23558.666666666668,11.3,0.49157303370786515,4.7,-1.6,83.69
2009-07,0.1,136.8,-8777.0,23915.0,11.3,0.4887640449438202,4.7,-1.4,85.19
2009-08,0.16666666666666669,135.7,-7900.0,24547.333333333332,11.3,0.4859550561797753,4.8,-1.3,86.03
2009-09,0.23333333333333334,136.3,-7023.0,25179.666666666668,11.3,0.48314606741573035,4.8,-1.4,86.7
2009-10,0.3,136.0,-6818.0,25812.0,11.3,0.4803370786516854,4.8,-0.8,87.29
2009-11,0.43333333333333335,136.2,-6613.0,25191.333333333332,11.6,0.47752808988764045,4.7,0.3,87.58
2009-12,0.5666666666666667,140.6,-6408.0,24570.666666666668,11.9,0.4747191011235955,4.7,2.4,88.16
2010-01,0.7,140.5,-7278.0,23950.0,12.2,0.47191011235955055,5.0,3.7,87.83
2010-02,0.8333333333333334,151.0,-8148.0,23956.333333333332,11.966666666666667,0.4691011235955056,5.0,3.7,88.05
2010-03,0.9666666666666668,156.6,-9018.0,23962.666666666668,11.733333333333333,0.4662921348314607,4.9,4.4,88.05
2010-04,1.1,138.9,-9411.0,23969.0,11.5,0.46348314606741575,4.8,5.3,89.18
2010-05,0.9666666666666667,139.1,-9804.0,23833.333333333332,11.233333333333333,0.4606741573033708,4.6,5.1,89.61
2010-06,0.8333333333333333,141.8,-10197.0,23697.666666666668,10.966666666666667,0.45786516853932585,4.4,5.0,90.05
2010-07,0.7,139.2,-10055.333333333334,23562.0,10.7,0.4550561797752809,4.4,4.8,90.96
2010-08,0.5,138.5,-9913.666666666666,23905.666666666668,10.633333333333333,0.45224719101123595,4.4,4.7,90.95
2010-09,0.3,139.4,-9772.0,24249.333333333332,10.566666666666666,0.449438202247191,4.4,4.6,90.72
2010-10,0.1,138.8,-10278.0,24593.0,10.5,0.44662921348314605,4.3,4.5,89.71
2010-11,0.23333333333333334,139.1,-10784.0,24522.666666666668,10.0,0.4438202247191011,4.3,4.7,88.64
2010-12,0.3666666666666667,142.3,-11290.0,24452.333333333332,9.5,0.4410112359550562,4.3,4.8,88.48
2011-01,0.5,146.5,-10783.333333333334,24382.0,9.0,0.43820224719101125,4.6,5.1,87.75
2011-02,0.3666666666666667,152.5,-10276.666666666666,24242.666666666668,9.2,0.4353932584269663,4.7,5.5,87.28
2011-03,0.23333333333333334,160.2,-9770.0,24103.333333333332,9.4,0.43258426966292135,4.6,5.3,86.88
2011-04,0.1,142.2,-10023.0,23964.0,9.6,0.4297752808988764,4.6,5.2,88.23
2011-05,0.16666666666666669,142.3,-10276.0,23990.0,9.566666666666666,0.42696629213483145,4.6,5.2,87.83
2011-06,0.23333333333333334,146.5,-10529.0,24016.0,9.533333333333333,0.4241573033707865,4.5,5.0,87.98
2011-07,0.3,143.4,-10002.666666666666,24042.0,9.5,0.4213483146067416,4.7,5.0,89.09
2011-08,0.23333333333333334,141.3,-9476.333333333334,24082.666666666668,9.4,0.4185393258426966,4.8,5.2,89.14
2011-09,0.16666666666666666,141.8,-8950.0,24123.333333333332,9.299999999999999,0.4157303370786517,4.8,5.6,88.92
2011-10,0.1,141.6,-9475.333333333334,24164.0,9.2,0.41292134831460675,4.7,5.4,87.94
2011-11,0.3,141.9,-10000.666666666666,24143.333333333332,9.566666666666666,0.4101123595505618,4.7,5.2,87.99
2011-12,0.5,145.0,-10526.0,24122.666666666668,9.933333333333334,0.40730337078651685,4.7,4.8,87.61
2012-01,0.7,146.3,-9761.666666666666,24102.0,10.3,0.4044943820224719,4.9,3.9,87.02
2012-02,0.4333333333333333,153.0,-8997.333333333334,24205.0,10.066666666666666,0.401685393258427,5.0,3.7,86.78
2012-03,0.16666666666666663,161.4,-8233.0,24308.0,9.833333333333334,0.398876404494382,5.0,3.6,87.04
2012-04,-0.1,145.5,-8444.0,24411.0,9.6,0.3960674157303371,4.8,3.5,88.04
2012-05,0.33333333333333337,144.8,-8655.0,24381.0,9.366666666666667,0.39325842696629215,4.7,3.1,88.32
2012-06,0.7666666666666667,148.4,-8866.0,24351.0,9.133333333333333,0.3904494382022472,4.6,2.8,89.19
2012-07,1.2,145.6,-8550.666666666666,24321.0,8.9,0.38764044943820225,4.7,3.2,89.53
2012-08,0.7333333333333334,144.5,-8235.333333333334,24520.666666666668,8.233333333333334,0.3848314606741573,4.7,2.9,89.63
2012-09,0.2666666666666667,144.2,-7920.0,24720.333333333332,7.566666666666667,0.38202247191011235,4.6,2.6,89.32
2012-10,-0.2,143.3,-8399.333333333334,24920.0,6.9,0.3792134831460674,4.6,3.2,88.68
2012-11,0.0333333333333333,143.7,-8878.666666666666,24863.666666666668,6.9,0.3764044943820225,4.6,3.0,88.76
2012-12,0.2666666666666666,146.8,-9358.0,24807.333333333332,6.9,0.3735955056179775,4.5,3.1,88.55
2013-01,0.5,147.8,-9940.333333333334,24751.0,6.9,0.3707865168539326,4.5,3.3,87.96
2013-02,0.5666666666666667,153.9,-10522.666666666666,25168.666666666668,7.233333333333333,0.36797752808988765,4.6,3.2,87.95
2013-03,0.6333333333333333,160.3,-11105.0,25586.333333333332,7.566666666666667,0.3651685393258427,4.5,3.3,88.47
2013-04,0.7,151.8,-10670.666666666666,26004.0,7.9,0.36235955056179775,4.4,2.9,89.34
2013-05,0.7333333333333333,147.6,-10236.333333333334,26304.333333333332,8.0,0.3595505617977528,4.3,3.1,89.81
2013-06,0.7666666666666667,149.9,-9802.0,26604.666666666668,8.1,0.3567415730337079,4.1,3.3,90.55
2013-07,0.8,146.8,-9164.333333333334,26905.0,8.2,0.3539325842696629,4.1,3.1,91.57
2013-08,0.7000000000000001,145.4,-8526.666666666666,26920.0,8.633333333333333,0.351123595505618,4.0,3.3,92.3
2013-09,0.6,145.4,-7889.0,26935.0,9.066666666666666,0.34831460674157305,3.8,3.2,92.36
2013-10,0.5,144.8,-8216.0,26950.0,9.5,0.3455056179775281,3.6,2.6,91.98
2013-11,0.6333333333333333,144.4,-8543.0,27066.666666666668,9.566666666666666,0.34269662921348315,3.5,2.6,92.49
2013-12,0.7666666666666666,149.2,-8870.0,27183.333333333332,9.633333333333333,0.3398876404494382,3.5,2.7,93.34
2014-01,0.9,150.0,-8904.666666666666,27300.0,9.7,0.33707865168539325,3.5,2.8,93.45
2014-02,0.8666666666666667,157.4,-8939.333333333334,27482.0,9.366666666666665,0.3342696629213483,3.5,2.7,93.84
2014-03,0.8333333333333334,163.1,-8974.0,27664.0,9.033333333333333,0.3314606741573034,3.4,2.5,94.16
2014-04,0.8,149.7,-8696.666666666666,27846.0,8.7,0.3286516853932584,3.2,2.5,96.26
2014-05,0.7666666666666667,148.4,-8419.333333333334,27954.333333333332,8.533333333333333,0.3258426966292135,3.1,2.4,97.28
2014-06,0.7333333333333333,150.5,-8142.0,28062.666666666668,8.366666666666665,0.32303370786516855,2.9,2.6,98.12
2014-07,0.7,147.5,-8244.333333333334,28171.0,8.2,0.3202247191011236,2.8,2.5,99.5
2014-08,0.6666666666666666,146.4,-8346.666666666666,28468.333333333332,8.333333333333332,0.31741573033707865,2.7,2.4,100.66
2014-09,0.6333333333333333,147.4,-8449.0,28765.666666666668,8.466666666666667,0.3146067415730337,2.6,2.3,100.77
2014-10,0.6,147.5,-8857.0,29063.0,8.6,0.3117977528089888,2.5,2.3,100.62
2014-11,0.6,146.9,-9265.0,28963.0,9.1,0.3089887640449438,2.4,2.0,100.29
2014-12,0.6,153.0,-9673.0,28863.0,9.6,0.3061797752808989,2.4,1.6,100.53
2015-01,0.6,151.9,-9697.333333333334,28763.0,10.1,0.30337078651685395,2.5,1.1,100.0
2015-02,0.6333333333333333,158.1,-9721.666666666666,29113.0,10.133333333333333,0.300561797752809,2.5,1.0,100.09
2015-03,0.6666666666666666,170.1,-9746.0,29463.0,10.166666666666666,0.29775280898876405,2.4,0.9,100.46
2015-04,0.7,153.8,-9212.333333333334,29813.0,10.2,0.2949438202247191,2.4,0.9,101.34
2015-05,0.6333333333333333,152.4,-8678.666666666666,30073.666666666668,10.166666666666666,0.29213483146067415,2.3,1.0,102.44
2015-06,0.5666666666666667,153.5,-8145.0,30334.333333333332,10.133333333333333,0.2893258426966292,2.2,1.0,103.22
2015-07,0.5,152.8,-6707.0,30595.0,10.1,0.2865168539325843,2.2,1.0,104.97
2015-08,0.5666666666666667,151.1,-5269.0,30626.333333333332,10.066666666666666,0.2837078651685393,2.2,1.1,105.93
2015-09,0.6333333333333333,150.4,-3831.0,30657.666666666668,10.033333333333333,0.2808988764044944,2.2,0.8,106.15
2015-10,0.7,150.3,-4186.333333333333,30689.0,10.0,0.27808988764044945,2.1,0.7,106.29
2015-11,0.6,150.0,-4541.666666666667,31092.0,9.733333333333333,0.2752808988764045,2.1,1.1,107.11
2015-12,0.5,155.8,-4897.0,31495.0,9.466666666666667,0.27247191011235955,2.1,1.2,107.48
2016-01,0.4,156.1,-4117.666666666667,31898.0,9.2,0.2696629213483146,2.1,1.3,107.76
2016-02,0.4666666666666667,159.9,-3338.333333333333,31825.0,8.733333333333333,0.2668539325842697,2.2,1.3,107.81
2016-03,0.5333333333333333,173.9,-2559.0,31752.0,8.266666666666666,0.2640449438202247,2.2,1.6,108.92
2016-04,0.6,158.5,-5031.666666666666,31679.0,7.8,0.2612359550561798,2.2,1.3,109.32
2016-05,0.5333333333333333,156.1,-7504.333333333333,31681.666666666668,7.566666666666666,0.25842696629213485,2.2,1.4,110.6
2016-06,0.4666666666666667,157.2,-9977.0,31684.333333333332,7.333333333333333,0.2556179775280899,2.1,1.6,111.65
2016-07,0.4,156.7,-8911.666666666666,31687.0,7.1,0.25280898876404495,2.1,1.9,112.83
2016-08,0.5,154.3,-7846.333333333334,31766.0,6.5,0.25,2.1,1.8,112.84
2016-09,0.6,154.2,-6781.0,31845.0,5.8999999999999995,0.26666666666666666,2.1,2.0,112.67
2016-10,0.7,154.6,-7499.333333333333,31924.0,5.3,0.2833333333333333,2.1,2.0,112.29
2016-11,0.6666666666666666,154.6,-8217.666666666666,32023.333333333332,5.1,0.3,2.1,2.2,112.82
2016-12,0.6333333333333333,158.7,-8936.0,32122.666666666668,4.9,0.31666666666666665,2.1,2.5,113.03
2017-01,0.6,158.6,-8759.333333333334,32222.0,4.7,0.3333333333333333,2.1,2.6,112.89
2017-02,0.5,163.7,-8582.666666666666,31930.0,5.1000000000000005,0.35,2.2,3.2,113.13
2017-03,0.4,178.3,-8406.0,31638.0,5.5,0.3666666666666667,2.2,3.1,112.89
2017-04,0.3,160.5,-8382.333333333334,31346.0,5.9,0.3833333333333333,2.3,3.5,114.67
2017-05,0.3333333333333333,159.3,-8358.666666666666,31671.333333333332,5.9,0.4,2.2,3.7,115.36
2017-06,0.3666666666666667,161.7,-8335.0,31996.666666666668,5.9,0.41666666666666663,2.2,3.5,116.35
2017-07,0.4,159.3,-7817.0,32322.0,5.9,0.43333333333333335,2.2,3.6,117.86
2017-08,0.4,158.0,-7299.0,32544.0,5.833333333333334,0.45,2.2,3.9,118.4
2017-09,0.4,158.7,-6781.0,32766.0,5.766666666666667,0.4666666666666667,2.2,3.9,117.95
2017-10,0.4,158.4,-7569.333333333333,32988.0,5.7,0.48333333333333334,2.2,4.0,118.06
2017-11,0.33333333333333337,158.4,-8357.666666666666,32927.0,5.666666666666667,0.5,2.2,3.9,117.72
2017-12,0.2666666666666667,163.8,-9146.0,32866.0,5.633333333333333,0.5277777777777778,2.2,4.1,118.18
2018-01,0.2,163.0,-8803.333333333334,32805.0,5.6,0.5555555555555556,2.2,4.0,117.77
2018-02,0.3,167.5,-8460.666666666666,32783.666666666664,5.7,0.5833333333333334,2.4,3.6,118.08
2018-03,0.4,182.9,-8118.0,32762.333333333332,5.8,0.6111111111111112,2.4,3.3,117.36
2018-04,0.5,164.7,-7872.333333333333,32741.0,5.9,0.6388888888888888,2.5,3.4,118.49
2018-05,0.5333333333333333,163.3,-7626.666666666667,32780.333333333336,6.0,0.6666666666666666,2.4,3.3,118.97
2018-06,0.5666666666666667,165.1,-7381.0,32819.666666666664,6.1000000000000005,0.6944444444444444,2.4,3.4,119.77
2018-07,0.6,164.5,-7150.666666666667,32859.0,6.2,0.7222222222222222,2.4,3.2,121.25
2018-08,0.5,163.5,-6920.333333333333,33334.333333333336,6.5,0.75,2.5,3.5,121.63
2018-09,0.4,163.2,-6690.0,33809.666666666664,6.8,0.7157894736842105,2.5,3.3,121.39
2018-10,0.3,165.2,-7263.666666666667,34285.0,7.1,0.6815789473684211,2.5,3.3,121.27
2018-11,0.39999999999999997,163.7,-7837.333333333333,34621.666666666664,6.8,0.6473684210526316,2.6,3.2,120.75
2018-12,0.5,169.2,-8411.0,34958.333333333336,6.5,0.6131578947368421,2.6,2.7,120.49
2019-01,0.6,169.6,-8362.0,35295.0,6.2,0.5789473684210527,2.7,2.5,119.75
2019-02,0.43333333333333335,172.9,-8313.0,35695.0,6.4,0.5447368421052632,2.8,2.5,119.44
2019-03,0.26666666666666666,187.8,-8264.0,36095.0,6.6,0.5105263157894737,2.9,2.4,119.11
2019-04,0.1,170.7,-7900.0,36495.0,6.8,0.4763157894736842,2.9,3.0,119.97
2019-05,0.23333333333333334,169.9,-7536.0,36291.333333333336,6.633333333333333,0.4421052631578947,2.9,3.0,120.14
2019-06,0.3666666666666667,171.4,-7172.0,36087.666666666664,6.466666666666667,0.40789473684210525,3.0,2.9,120.66
2019-07,0.5,170.9,-6320.333333333333,35884.0,6.3,0.3736842105263158,3.0,2.8,122.0
2019-08,0.33333333333333337,168.4,-5468.666666666667,35501.0,6.766666666666667,0.33947368421052626,3.1,2.6,122.4
2019-09,0.16666666666666669,169.7,-4617.0,35118.0,7.233333333333333,0.3052631578947368,3.1,2.4,122.49
2019-10,0.0,169.3,-4638.0,34735.0,7.7,0.2710526315789473,3.1,2.1,122.16
2019-11,-0.9,169.2,-4659.0,33744.666666666664,7.366666666666667,0.23684210526315785,3.2,2.2,121.73
2019-12,-1.8,173.7,-4680.0,32754.333333333332,7.033333333333333,0.20263157894736838,3.2,2.2,121.57
2020-01,-2.7,175.4,-5108.333333333333,31764.0,6.7,0.16842105263157892,3.0,2.7,121.65
2020-02,-8.333333333333334,177.0,-5536.666666666667,29802.666666666668,12.266666666666666,0.13421052631578945,3.1,2.5,120.95
2020-03,-13.966666666666669,189.6,-5965.0,27841.333333333332,17.833333333333332,0.1,3.2,2.6,122.04
2020-04,-19.6,168.9,-7244.0,25880.0,23.4,0.10714285714285715,5.3,1.5,120.8
2020-05,-7.2666666666666675,167.8,-8523.0,30226.666666666668,19.599999999999998,0.1142857142857143,6.6,1.0,121.42
2020-06,5.066666666666666,168.7,-9802.0,34573.333333333336,15.8,0.12142857142857144,6.4,1.1,123.1
2020-07,17.4,170.5,-8682.333333333334,38920.0,12.0,0.1285714285714286,6.6,1.6,124.14
2020-08,11.966666666666665,171.8,-7562.666666666666,37877.666666666664,12.566666666666666,0.13571428571428573,6.7,0.5,125.35
2020-09,6.533333333333333,174.1,-6443.0,36835.333333333336,13.133333333333333,0.14285714285714285,6.6,1.1,126.68
2020-10,1.1,175.9,-4483.666666666667,35793.0,13.7,0.15,6.4,1.3,127.75
2020-11,0.2666666666666667,177.9,-2524.3333333333335,34516.0,15.266666666666666,0.15714285714285714,6.5,0.9,129.06
2020-12,-0.5666666666666667,183.5,-565.0,33239.0,16.833333333333332,0.16428571428571428,6.4,1.2,130.06
2021-01,-1.4,183.1,1229.0,31962.0,18.4,0.17142857142857143,6.4,1.4,130.96
2021-02,0.9000000000000004,184.5,3023.0,34056.333333333336,16.166666666666664,0.17857142857142858,6.6,1.4,130.9
2021-03,3.2000000000000006,197.9,4817.0,36150.666666666664,13.933333333333334,0.18571428571428572,6.6,1.5,133.05
2021-04,5.5,184.0,4897.333333333333,38245.0,11.7,0.19285714285714287,6.5,2.9,131.45
